node,strength,betweenness
alexr00,792.0,2482.8500000000004
joshspicer,185.0,475.90476190476187
mjbvz,53.0,379.52142857142866
bpasero,60.0,284.9428571428573
osortega,86.0,216.31904761904764
