community_id,size,total_strength,share
0,54,3017.0,0.6136363636363636
1,24,1237.0,0.2727272727272727
3,2,12.0,0.022727272727272728
5,2,7.0,0.022727272727272728
6,2,5.0,0.022727272727272728
2,2,4.0,0.022727272727272728
4,2,4.0,0.022727272727272728
