community_id,size,total_strength,share
0,95,11038.0,0.4460093896713615
1,72,1059.0,0.3380281690140845
2,42,1986.0,0.19718309859154928
3,4,125.0,0.018779342723004695
