community_id,size,total_strength,share
0,104,4120.0,0.44635193133047213
1,90,13265.0,0.38626609442060084
2,30,1060.0,0.12875536480686695
3,9,441.0,0.03862660944206009
