community_id,size,total_strength,share
0,100,6175.0,0.4694835680751174
1,79,1036.0,0.37089201877934275
2,34,581.0,0.1596244131455399
