community_id,size,total_strength,share
0,46,1505.0,0.5227272727272727
1,24,639.0,0.2727272727272727
2,8,72.0,0.09090909090909091
4,2,10.0,0.022727272727272728
6,2,4.0,0.022727272727272728
5,2,3.0,0.022727272727272728
7,2,3.0,0.022727272727272728
3,2,2.0,0.022727272727272728
