community_id,size,total_strength,share
0,95,7092.0,0.40772532188841204
1,70,1002.0,0.30042918454935624
2,68,2040.0,0.2918454935622318
