repo,coassignment_agreement,largest_share_delta,community_count_delta
fastapi,0.9468637992831541,0.016129032258064502,5
ruff,0.9725748502994012,0.005988023952095856,0
streamlit,0.8823633625653291,-0.023474178403755874,1
vscode-pr-github,1.0,0.0,0
