repo,coassignment_agreement,largest_share_delta,community_count_delta
fastapi,0.9468637992831541,0.016129032258064502,5
ruff,0.9725748502994012,0.005988023952095856,0
streamlit,0.7907355335207933,0.03862660944206009,1
vscode-pr-github,0.9038662486938349,0.09090909090909094,-1
